{"namedChunkGroups":{"polyfill":{"name":"polyfill","assets":[{"name":"webpack-runtime-5f84a8ac9b2b3d3fa53a.js","size":4949},{"name":"polyfill-6a32db8a51df41f9df00.js","size":82505}],"filteredAssets":0,"assetsSize":87454,"filteredAuxiliaryAssets":2,"auxiliaryAssetsSize":220890},"app":{"name":"app","assets":[{"name":"webpack-runtime-5f84a8ac9b2b3d3fa53a.js","size":4949},{"name":"framework-cab942d4ae6316b4cb81.js","size":128973},{"name":"app-53ce033a42a7e64d297e.js","size":73508}],"filteredAssets":0,"assetsSize":207430,"filteredAuxiliaryAssets":3,"auxiliaryAssetsSize":674541},"component---src-pages-404-js":{"name":"component---src-pages-404-js","assets":[{"name":"styles.e643d0e5f4ae1095b4e6.css","size":17442},{"name":"commons-118855fe4b1263849e84.js","size":19716},{"name":"component---src-pages-404-js-2c0cb606661ffbbefcab.js","size":481}],"filteredAssets":0,"assetsSize":37639,"filteredAuxiliaryAssets":3,"auxiliaryAssetsSize":99955},"component---src-pages-index-js":{"name":"component---src-pages-index-js","assets":[{"name":"styles.e643d0e5f4ae1095b4e6.css","size":17442},{"name":"commons-118855fe4b1263849e84.js","size":19716},{"name":"component---src-pages-index-js-c4ad1d2fb939316173ad.js","size":407670}],"filteredAssets":0,"assetsSize":444828,"filteredAuxiliaryAssets":4,"auxiliaryAssetsSize":236670}},"assetsByChunkName":{"polyfill":["webpack-runtime-5f84a8ac9b2b3d3fa53a.js","polyfill-6a32db8a51df41f9df00.js"],"app":["webpack-runtime-5f84a8ac9b2b3d3fa53a.js","framework-cab942d4ae6316b4cb81.js","app-53ce033a42a7e64d297e.js"],"component---src-pages-404-js":["styles.e643d0e5f4ae1095b4e6.css","commons-118855fe4b1263849e84.js","component---src-pages-404-js-2c0cb606661ffbbefcab.js"],"component---src-pages-index-js":["styles.e643d0e5f4ae1095b4e6.css","commons-118855fe4b1263849e84.js","component---src-pages-index-js-c4ad1d2fb939316173ad.js"]},"childAssetsByChunkName":{}}