{"/*":["X-Frame-Options: DENY","X-XSS-Protection: 1; mode=block","X-Content-Type-Options: nosniff","Referrer-Policy: same-origin"],"/styles.e643d0e5f4ae1095b4e6.css":["Cache-Control: public, max-age=31536000, immutable"],"/commons-118855fe4b1263849e84.js":["Cache-Control: public, max-age=31536000, immutable"],"/component---src-pages-404-js-2c0cb606661ffbbefcab.js":["Cache-Control: public, max-age=31536000, immutable"],"/component---src-pages-index-js-9b3e3c338e2d5b208b24.js":["Cache-Control: public, max-age=31536000, immutable"],"/webpack-runtime-92f31bc2cc6ba4ef19aa.js":["Cache-Control: public, max-age=31536000, immutable"],"/framework-cab942d4ae6316b4cb81.js":["Cache-Control: public, max-age=31536000, immutable"],"/app-53ce033a42a7e64d297e.js":["Cache-Control: public, max-age=31536000, immutable"],"/static/*":["Cache-Control: public, max-age=31536000, immutable"],"/sw.js":["Cache-Control: public, max-age=0, must-revalidate"],"/404/":["Link: </webpack-runtime-92f31bc2cc6ba4ef19aa.js>; rel=preload; as=script; nopush","Link: </framework-cab942d4ae6316b4cb81.js>; rel=preload; as=script; nopush","Link: </app-53ce033a42a7e64d297e.js>; rel=preload; as=script; nopush","Link: </commons-118855fe4b1263849e84.js>; rel=preload; as=script; nopush","Link: </component---src-pages-404-js-2c0cb606661ffbbefcab.js>; rel=preload; as=script; nopush","Link: </page-data/app-data.json>; rel=preload; as=fetch; crossorigin; nopush","Link: </page-data/404/page-data.json>; rel=preload; as=fetch; crossorigin; nopush"],"/404.html":["Link: </webpack-runtime-92f31bc2cc6ba4ef19aa.js>; rel=preload; as=script; nopush","Link: </framework-cab942d4ae6316b4cb81.js>; rel=preload; as=script; nopush","Link: </app-53ce033a42a7e64d297e.js>; rel=preload; as=script; nopush","Link: </commons-118855fe4b1263849e84.js>; rel=preload; as=script; nopush","Link: </component---src-pages-404-js-2c0cb606661ffbbefcab.js>; rel=preload; as=script; nopush","Link: </page-data/app-data.json>; rel=preload; as=fetch; crossorigin; nopush","Link: </page-data/404.html/page-data.json>; rel=preload; as=fetch; crossorigin; nopush"],"/":["Link: </webpack-runtime-92f31bc2cc6ba4ef19aa.js>; rel=preload; as=script; nopush","Link: </framework-cab942d4ae6316b4cb81.js>; rel=preload; as=script; nopush","Link: </app-53ce033a42a7e64d297e.js>; rel=preload; as=script; nopush","Link: </commons-118855fe4b1263849e84.js>; rel=preload; as=script; nopush","Link: </component---src-pages-index-js-9b3e3c338e2d5b208b24.js>; rel=preload; as=script; nopush","Link: </page-data/app-data.json>; rel=preload; as=fetch; crossorigin; nopush","Link: </page-data/index/page-data.json>; rel=preload; as=fetch; crossorigin; nopush"]}