{"/*":["X-Frame-Options: DENY","X-XSS-Protection: 1; mode=block","X-Content-Type-Options: nosniff","Referrer-Policy: same-origin"],"/styles.e643d0e5f4ae1095b4e6.css":["Cache-Control: public, max-age=31536000, immutable"],"/commons-84f5360bc354a800b251.js":["Cache-Control: public, max-age=31536000, immutable"],"/component---src-pages-404-js-2c0cb606661ffbbefcab.js":["Cache-Control: public, max-age=31536000, immutable"],"/component---src-pages-index-js-de42ed71d4af078b57ab.js":["Cache-Control: public, max-age=31536000, immutable"],"/webpack-runtime-cee1a2b9c569c6848a94.js":["Cache-Control: public, max-age=31536000, immutable"],"/framework-cab942d4ae6316b4cb81.js":["Cache-Control: public, max-age=31536000, immutable"],"/app-08412fe42409407e6aac.js":["Cache-Control: public, max-age=31536000, immutable"],"/static/*":["Cache-Control: public, max-age=31536000, immutable"],"/sw.js":["Cache-Control: public, max-age=0, must-revalidate"],"/404/":["Link: </webpack-runtime-cee1a2b9c569c6848a94.js>; rel=preload; as=script; nopush","Link: </framework-cab942d4ae6316b4cb81.js>; rel=preload; as=script; nopush","Link: </app-08412fe42409407e6aac.js>; rel=preload; as=script; nopush","Link: </commons-84f5360bc354a800b251.js>; rel=preload; as=script; nopush","Link: </component---src-pages-404-js-2c0cb606661ffbbefcab.js>; rel=preload; as=script; nopush","Link: </page-data/app-data.json>; rel=preload; as=fetch; crossorigin; nopush","Link: </page-data/404/page-data.json>; rel=preload; as=fetch; crossorigin; nopush"],"/404.html":["Link: </webpack-runtime-cee1a2b9c569c6848a94.js>; rel=preload; as=script; nopush","Link: </framework-cab942d4ae6316b4cb81.js>; rel=preload; as=script; nopush","Link: </app-08412fe42409407e6aac.js>; rel=preload; as=script; nopush","Link: </commons-84f5360bc354a800b251.js>; rel=preload; as=script; nopush","Link: </component---src-pages-404-js-2c0cb606661ffbbefcab.js>; rel=preload; as=script; nopush","Link: </page-data/app-data.json>; rel=preload; as=fetch; crossorigin; nopush","Link: </page-data/404.html/page-data.json>; rel=preload; as=fetch; crossorigin; nopush"],"/":["Link: </webpack-runtime-cee1a2b9c569c6848a94.js>; rel=preload; as=script; nopush","Link: </framework-cab942d4ae6316b4cb81.js>; rel=preload; as=script; nopush","Link: </app-08412fe42409407e6aac.js>; rel=preload; as=script; nopush","Link: </commons-84f5360bc354a800b251.js>; rel=preload; as=script; nopush","Link: </component---src-pages-index-js-de42ed71d4af078b57ab.js>; rel=preload; as=script; nopush","Link: </page-data/app-data.json>; rel=preload; as=fetch; crossorigin; nopush","Link: </page-data/index/page-data.json>; rel=preload; as=fetch; crossorigin; nopush"]}