{"namedChunkGroups":{"polyfill":{"name":"polyfill","assets":[{"name":"webpack-runtime-8752e7dbeff522158c18.js","size":4922},{"name":"polyfill-6a32db8a51df41f9df00.js","size":82505}],"filteredAssets":0,"assetsSize":87427,"filteredAuxiliaryAssets":2,"auxiliaryAssetsSize":220845},"app":{"name":"app","assets":[{"name":"webpack-runtime-8752e7dbeff522158c18.js","size":4922},{"name":"framework-cab942d4ae6316b4cb81.js","size":128973},{"name":"app-08412fe42409407e6aac.js","size":72361}],"filteredAssets":0,"assetsSize":206256,"filteredAuxiliaryAssets":3,"auxiliaryAssetsSize":669958},"component---src-pages-404-js":{"name":"component---src-pages-404-js","assets":[{"name":"styles.e643d0e5f4ae1095b4e6.css","size":17442},{"name":"commons-892e76ae7d4669c509a3.js","size":19851},{"name":"component---src-pages-404-js-2c0cb606661ffbbefcab.js","size":481}],"filteredAssets":0,"assetsSize":37774,"filteredAuxiliaryAssets":3,"auxiliaryAssetsSize":100012},"component---src-pages-index-js":{"name":"component---src-pages-index-js","assets":[{"name":"styles.e643d0e5f4ae1095b4e6.css","size":17442},{"name":"commons-892e76ae7d4669c509a3.js","size":19851},{"name":"component---src-pages-index-js-064ac66fe8edee370bb9.js","size":387884}],"filteredAssets":0,"assetsSize":425177,"filteredAuxiliaryAssets":4,"auxiliaryAssetsSize":235985}},"assetsByChunkName":{"polyfill":["webpack-runtime-8752e7dbeff522158c18.js","polyfill-6a32db8a51df41f9df00.js"],"app":["webpack-runtime-8752e7dbeff522158c18.js","framework-cab942d4ae6316b4cb81.js","app-08412fe42409407e6aac.js"],"component---src-pages-404-js":["styles.e643d0e5f4ae1095b4e6.css","commons-892e76ae7d4669c509a3.js","component---src-pages-404-js-2c0cb606661ffbbefcab.js"],"component---src-pages-index-js":["styles.e643d0e5f4ae1095b4e6.css","commons-892e76ae7d4669c509a3.js","component---src-pages-index-js-064ac66fe8edee370bb9.js"]},"childAssetsByChunkName":{}}